worker_id,distance_km,time_minutes,avg_speed_kmph,claims_last_week,weather_match,is_fraud
W000,1,53,28,1,1,0
W001,31,10,345,3,0,1
W002,49,9,217,5,0,1
W003,15,7,152,3,0,1
W004,2,56,36,1,1,0
W005,8,9,50,0,1,0
W006,23,1,385,10,0,1
W007,18,1,380,9,0,1
W008,21,9,139,6,0,1
W009,40,7,361,5,0,1
W010,8,6,39,1,1,0
W011,4,52,59,0,1,0
W012,41,3,202,7,0,1
W013,10,9,292,10,0,1
W014,5,57,27,0,1,0
W015,6,58,60,0,1,0
W016,10,11,30,2,1,0
W017,41,3,393,3,0,1
W018,8,35,24,2,1,0
W019,37,8,157,8,0,1
W020,31,2,172,5,0,1
W021,48,7,312,5,0,1
W022,20,10,231,4,0,1
W023,9,26,28,0,1,0
W024,6,32,52,1,1,0
W025,9,51,37,2,1,0
W026,36,1,379,5,0,1
W027,11,53,22,1,1,0
W028,6,51,26,2,1,0
W029,20,2,327,7,0,1
W030,10,53,30,2,1,0
W031,41,10,311,6,0,1
W032,13,52,54,2,1,0
W033,8,58,35,0,1,0
W034,3,11,56,1,1,0
W035,40,10,134,8,0,1
W036,13,7,298,4,0,1
W037,24,1,208,7,0,1
W038,31,1,209,9,0,1
W039,15,6,336,7,0,1
W040,3,32,34,1,1,0
W041,19,5,399,4,0,1
W042,48,4,224,5,0,1
W043,16,3,221,4,0,1
W044,41,1,226,9,0,1
W045,9,60,52,1,1,0
W046,45,4,317,10,0,1
W047,10,60,46,0,1,0
W048,48,10,242,7,0,1
W049,13,3,180,9,0,1
W050,9,39,31,0,1,0
W051,34,8,248,4,0,1
W052,12,40,28,0,1,0
W053,1,25,27,0,1,0
W054,22,10,288,7,0,1
W055,12,24,56,2,1,0
W056,2,41,38,2,1,0
W057,3,57,53,2,1,0
W058,41,10,209,9,0,1
W059,17,7,291,9,0,1
W060,7,58,21,1,1,0
W061,3,25,46,2,1,0
W062,40,7,273,9,0,1
W063,19,3,209,7,0,1
W064,48,4,298,5,0,1
W065,15,22,34,1,1,0
W066,14,14,20,0,1,0
W067,15,11,44,0,1,0
W068,25,9,352,6,0,1
W069,1,37,37,0,1,0
W070,38,9,315,4,0,1
W071,45,4,361,9,0,1
W072,10,7,253,3,0,1
W073,14,38,40,0,1,0
W074,35,3,136,5,0,1
W075,8,22,41,0,1,0
W076,7,52,38,1,1,0
W077,1,26,36,2,1,0
W078,1,59,23,0,1,0
W079,4,56,49,0,1,0
W080,5,28,35,2,1,0
W081,19,7,252,7,0,1
W082,31,7,382,6,0,1
W083,46,3,377,7,0,1
W084,6,40,39,1,1,0
W085,34,3,277,6,0,1
W086,5,59,56,1,1,0
W087,41,1,386,8,0,1
W088,4,30,47,1,1,0
W089,4,53,23,1,1,0
W090,15,59,60,1,1,0
W091,47,1,328,5,0,1
W092,32,2,160,9,0,1
W093,6,46,39,1,1,0
W094,3,60,34,2,1,0
W095,47,3,179,3,0,1
W096,11,8,32,0,1,0
W097,12,27,39,2,1,0
W098,42,6,325,5,0,1
W099,3,17,42,0,1,0
W100,6,30,51,2,1,0
W101,1,30,42,0,1,0
W102,35,5,214,10,0,1
W103,27,4,123,7,0,1
W104,10,46,34,0,1,0
W105,14,9,377,5,0,1
W106,7,13,56,2,1,0
W107,25,4,175,8,0,1
W108,22,1,201,8,0,1
W109,8,47,52,1,1,0
W110,10,20,30,2,1,0
W111,12,13,32,2,1,0
W112,8,34,54,2,1,0
W113,4,48,52,1,1,0
W114,29,4,242,10,0,1
W115,38,10,210,6,0,1
W116,15,23,20,2,1,0
W117,5,36,42,2,1,0
W118,10,43,49,2,1,0
W119,12,9,392,8,0,1
W120,50,5,306,5,0,1
W121,16,5,266,5,0,1
W122,8,39,59,2,1,0
W123,13,8,336,8,0,1
W124,16,6,153,8,0,1
W125,1,12,41,1,1,0
W126,22,5,215,3,0,1
W127,18,6,148,10,0,1
W128,33,2,372,4,0,1
W129,5,37,46,0,1,0
W130,9,42,33,0,1,0
W131,8,11,48,0,1,0
W132,9,8,44,2,1,0
W133,15,3,180,5,0,1
W134,15,39,57,1,1,0
W135,31,4,246,9,0,1
W136,3,23,24,1,1,0
W137,42,5,165,6,0,1
W138,17,8,389,4,0,1
W139,8,7,24,0,1,0
W140,8,14,46,2,1,0
W141,2,40,44,0,1,0
W142,30,7,176,3,0,1
W143,35,9,228,10,0,1
W144,35,8,356,10,0,1
W145,3,60,27,0,1,0
W146,10,35,58,2,1,0
W147,44,1,227,3,0,1
W148,21,10,341,10,0,1
W149,15,48,43,1,1,0
W150,10,28,35,2,1,0
W151,29,10,255,8,0,1
W152,30,8,152,4,0,1
W153,10,21,39,0,1,0
W154,14,7,186,4,0,1
W155,33,3,248,7,0,1
W156,24,9,269,6,0,1
W157,47,8,149,3,0,1
W158,29,4,134,8,0,1
W159,17,3,288,10,0,1
W160,40,1,298,8,0,1
W161,28,2,353,10,0,1
W162,11,47,41,1,1,0
W163,14,8,302,5,0,1
W164,41,1,126,3,0,1
W165,5,31,27,1,1,0
W166,17,5,324,10,0,1
W167,25,8,271,6,0,1
W168,22,4,276,10,0,1
W169,25,4,221,3,0,1
W170,25,1,304,9,0,1
W171,11,6,331,8,0,1
W172,14,5,49,2,1,0
W173,13,50,42,0,1,0
W174,9,17,49,2,1,0
W175,8,10,56,2,1,0
W176,43,9,271,5,0,1
W177,15,12,54,1,1,0
W178,14,52,23,1,1,0
W179,45,7,240,8,0,1
W180,23,1,236,9,0,1
W181,32,9,183,10,0,1
W182,11,17,35,2,1,0
W183,15,11,56,0,1,0
W184,9,60,31,1,1,0
W185,10,7,44,2,1,0
W186,8,52,56,0,1,0
W187,1,60,52,0,1,0
W188,19,8,323,6,0,1
W189,26,4,324,9,0,1
W190,8,10,20,0,1,0
W191,7,38,51,0,1,0
W192,11,13,31,0,1,0
W193,8,12,49,1,1,0
W194,2,19,28,0,1,0
W195,3,37,32,1,1,0
W196,6,60,21,2,1,0
W197,39,7,290,10,0,1
W198,4,19,58,2,1,0
W199,14,10,54,0,1,0
W200,8,43,46,0,1,0
W201,3,57,43,0,1,0
W202,13,14,52,1,1,0
W203,32,7,160,5,0,1
W204,10,8,45,1,1,0
W205,1,49,49,2,1,0
W206,3,10,37,1,1,0
W207,8,13,46,0,1,0
W208,16,6,363,3,0,1
W209,9,49,21,0,1,0
W210,8,44,55,1,1,0
W211,12,50,56,0,1,0
W212,33,1,300,4,0,1
W213,8,41,29,1,1,0
W214,48,3,303,7,0,1
W215,11,22,52,0,1,0
W216,50,7,292,7,0,1
W217,2,22,30,2,1,0
W218,25,5,323,5,0,1
W219,17,7,250,7,0,1
W220,26,6,391,8,0,1
W221,12,5,333,3,0,1
W222,28,7,168,7,0,1
W223,42,2,371,6,0,1
W224,13,8,246,6,0,1
W225,27,3,191,10,0,1
W226,8,22,42,0,1,0
W227,10,26,44,0,1,0
W228,11,5,160,10,0,1
W229,32,10,309,10,0,1
W230,22,3,261,5,0,1
W231,8,25,49,0,1,0
W232,36,3,392,10,0,1
W233,27,5,389,8,0,1
W234,26,5,371,4,0,1
W235,43,3,251,4,0,1
W236,12,3,360,8,0,1
W237,6,45,29,0,1,0
W238,13,47,45,2,1,0
W239,14,54,29,1,1,0
W240,25,1,155,10,0,1
W241,13,25,27,0,1,0
W242,34,4,145,7,0,1
W243,9,15,31,1,1,0
W244,10,26,26,2,1,0
W245,45,9,318,4,0,1
W246,9,42,56,1,1,0
W247,4,46,44,1,1,0
W248,25,7,373,5,0,1
W249,24,4,333,5,0,1
W250,50,2,218,4,0,1
W251,2,13,41,1,1,0
W252,18,1,358,6,0,1
W253,36,9,122,8,0,1
W254,8,34,34,0,1,0
W255,7,51,60,0,1,0
W256,8,29,49,0,1,0
W257,50,3,174,3,0,1
W258,22,2,235,10,0,1
W259,10,25,32,1,1,0
W260,10,5,49,2,1,0
W261,7,15,48,1,1,0
W262,42,3,211,8,0,1
W263,37,2,189,10,0,1
W264,28,6,350,9,0,1
W265,13,58,43,2,1,0
W266,1,25,23,2,1,0
W267,8,5,31,2,1,0
W268,14,51,28,0,1,0
W269,22,9,196,8,0,1
W270,28,6,321,4,0,1
W271,36,1,166,3,0,1
W272,7,15,58,0,1,0
W273,23,1,257,9,0,1
W274,12,13,34,2,1,0
W275,32,7,327,8,0,1
W276,4,11,43,1,1,0
W277,14,24,28,0,1,0
W278,25,10,334,4,0,1
W279,32,8,243,3,0,1
W280,12,34,49,2,1,0
W281,19,7,124,10,0,1
W282,12,36,43,1,1,0
W283,8,24,41,1,1,0
W284,24,9,259,8,0,1
W285,5,60,41,2,1,0
W286,36,7,208,9,0,1
W287,1,37,46,2,1,0
W288,14,49,58,2,1,0
W289,33,7,398,7,0,1
W290,5,31,39,0,1,0
W291,11,20,56,2,1,0
W292,15,51,30,1,1,0
W293,5,27,51,2,1,0
W294,15,7,37,0,1,0
W295,37,2,122,8,0,1
W296,5,13,48,0,1,0
W297,34,3,278,5,0,1
W298,9,24,40,2,1,0
W299,29,9,374,5,0,1
W300,38,2,363,6,0,1
W301,46,8,225,4,0,1
W302,15,32,54,2,1,0
W303,5,19,41,1,1,0
W304,35,10,190,4,0,1
W305,14,2,295,5,0,1
W306,30,6,137,8,0,1
W307,7,12,47,2,1,0
W308,20,3,345,8,0,1
W309,47,5,342,9,0,1
W310,12,1,176,8,0,1
W311,25,8,351,7,0,1
W312,46,10,349,4,0,1
W313,1,29,26,1,1,0
W314,37,6,216,7,0,1
W315,28,7,256,7,0,1
W316,12,41,21,0,1,0
W317,25,10,316,3,0,1
W318,4,25,25,2,1,0
W319,3,19,24,1,1,0
W320,20,4,281,10,0,1
W321,7,24,21,1,1,0
W322,46,6,249,9,0,1
W323,4,47,48,0,1,0
W324,28,8,361,3,0,1
W325,3,40,48,1,1,0
W326,7,58,60,2,1,0
W327,12,46,42,0,1,0
W328,48,1,223,7,0,1
W329,7,44,57,0,1,0
W330,48,3,301,7,0,1
W331,11,16,32,1,1,0
W332,7,39,28,2,1,0
W333,49,7,349,5,0,1
W334,12,45,54,1,1,0
W335,3,35,55,0,1,0
W336,13,33,46,2,1,0
W337,15,10,27,0,1,0
W338,22,3,240,10,0,1
W339,34,5,249,8,0,1
W340,9,57,20,1,1,0
W341,13,3,186,6,0,1
W342,32,7,273,4,0,1
W343,8,17,48,2,1,0
W344,39,9,137,8,0,1
W345,21,9,355,5,0,1
W346,33,8,201,9,0,1
W347,49,10,244,3,0,1
W348,33,10,351,10,0,1
W349,47,1,204,10,0,1
W350,14,17,40,1,1,0
W351,39,3,157,4,0,1
W352,44,1,181,9,0,1
W353,6,53,56,1,1,0
W354,37,4,319,8,0,1
W355,11,25,33,1,1,0
W356,25,2,348,7,0,1
W357,4,45,43,2,1,0
W358,49,7,254,4,0,1
W359,44,9,263,5,0,1
W360,49,8,304,5,0,1
W361,34,1,257,7,0,1
W362,14,17,21,2,1,0
W363,42,3,245,9,0,1
W364,23,7,366,5,0,1
W365,15,16,37,2,1,0
W366,23,7,348,9,0,1
W367,42,6,214,5,0,1
W368,33,6,197,8,0,1
W369,14,56,29,2,1,0
W370,45,5,293,7,0,1
W371,1,15,47,1,1,0
W372,7,30,34,2,1,0
W373,26,2,159,9,0,1
W374,6,24,45,2,1,0
W375,37,4,342,3,0,1
W376,14,42,36,0,1,0
W377,1,24,33,1,1,0
W378,11,13,28,1,1,0
W379,10,11,34,2,1,0
W380,12,7,21,1,1,0
W381,42,2,274,10,0,1
W382,4,20,37,0,1,0
W383,28,8,127,6,0,1
W384,22,3,389,7,0,1
W385,46,6,224,8,0,1
W386,1,52,27,2,1,0
W387,5,40,36,1,1,0
W388,11,8,299,10,0,1
W389,30,4,314,4,0,1
W390,5,44,60,1,1,0
W391,25,4,139,6,0,1
W392,9,49,26,2,1,0
W393,13,30,24,1,1,0
W394,7,19,40,1,1,0
W395,32,9,236,6,0,1
W396,14,8,50,1,1,0
W397,34,1,353,5,0,1
W398,2,34,22,1,1,0
W399,9,11,20,2,1,0
W400,3,19,43,0,1,0
W401,24,1,221,5,0,1
W402,15,46,53,2,1,0
W403,5,7,36,1,1,0
W404,14,19,59,1,1,0
W405,10,30,40,0,1,0
W406,10,4,365,7,0,1
W407,26,10,254,10,0,1
W408,44,5,329,7,0,1
W409,17,4,169,4,0,1
W410,8,45,47,1,1,0
W411,21,2,371,5,0,1
W412,24,4,359,9,0,1
W413,3,32,42,0,1,0
W414,13,15,54,2,1,0
W415,12,14,43,0,1,0
W416,38,3,397,3,0,1
W417,15,56,22,0,1,0
W418,4,25,25,2,1,0
W419,41,6,172,10,0,1
W420,49,10,306,6,0,1
W421,8,57,32,1,1,0
W422,3,34,46,0,1,0
W423,29,1,269,3,0,1
W424,30,4,241,5,0,1
W425,41,9,386,4,0,1
W426,12,21,58,2,1,0
W427,14,53,41,0,1,0
W428,3,54,46,1,1,0
W429,1,21,28,2,1,0
W430,3,6,53,1,1,0
W431,29,5,143,4,0,1
W432,35,9,369,4,0,1
W433,11,28,29,2,1,0
W434,19,1,213,9,0,1
W435,5,11,54,1,1,0
W436,13,30,59,2,1,0
W437,4,43,47,0,1,0
W438,33,10,157,10,0,1
W439,37,10,336,10,0,1
W440,42,4,381,3,0,1
W441,38,3,279,6,0,1
W442,15,48,42,2,1,0
W443,8,22,36,1,1,0
W444,2,44,40,1,1,0
W445,37,4,370,9,0,1
W446,14,22,51,2,1,0
W447,7,49,42,0,1,0
W448,11,1,148,3,0,1
W449,15,11,38,2,1,0
W450,27,6,266,6,0,1
W451,35,10,385,7,0,1
W452,2,50,31,2,1,0
W453,2,34,55,2,1,0
W454,10,8,382,9,0,1
W455,43,4,334,5,0,1
W456,27,5,396,5,0,1
W457,25,9,167,8,0,1
W458,12,40,43,1,1,0
W459,21,10,278,7,0,1
W460,20,1,270,10,0,1
W461,50,10,355,5,0,1
W462,39,5,275,3,0,1
W463,6,17,53,1,1,0
W464,46,7,239,6,0,1
W465,26,1,235,10,0,1
W466,2,49,31,1,1,0
W467,29,7,245,5,0,1
W468,2,15,53,2,1,0
W469,8,47,22,2,1,0
W470,13,1,224,8,0,1
W471,13,3,205,3,0,1
W472,45,6,374,5,0,1
W473,14,52,35,1,1,0
W474,27,6,207,9,0,1
W475,31,2,162,10,0,1
W476,15,28,41,0,1,0
W477,2,52,34,2,1,0
W478,11,7,134,8,0,1
W479,13,9,194,8,0,1
W480,7,57,37,0,1,0
W481,37,4,229,10,0,1
W482,22,10,293,3,0,1
W483,5,53,20,2,1,0
W484,14,8,49,2,1,0
W485,48,10,208,5,0,1
W486,28,3,316,4,0,1
W487,10,41,56,0,1,0
W488,4,25,41,0,1,0
W489,24,3,266,6,0,1
W490,1,38,49,2,1,0
W491,10,8,198,10,0,1
W492,12,45,49,1,1,0
W493,18,6,312,7,0,1
W494,11,22,48,1,1,0
W495,49,6,147,8,0,1
W496,14,36,28,2,1,0
W497,5,10,28,1,1,0
W498,49,5,267,10,0,1
W499,21,1,312,7,0,1
W500,11,10,311,6,0,1
W501,8,11,59,1,1,0
W502,28,9,376,7,0,1
W503,17,8,153,8,0,1
W504,1,12,31,0,1,0
W505,48,4,277,6,0,1
W506,35,8,253,7,0,1
W507,11,42,47,0,1,0
W508,1,25,42,2,1,0
W509,7,47,54,1,1,0
W510,6,33,50,1,1,0
W511,26,1,123,3,0,1
W512,12,12,20,2,1,0
W513,10,36,48,0,1,0
W514,12,34,34,0,1,0
W515,20,5,372,5,0,1
W516,40,4,313,9,0,1
W517,13,47,56,0,1,0
W518,43,4,153,6,0,1
W519,26,2,221,3,0,1
W520,11,5,271,8,0,1
W521,11,6,55,0,1,0
W522,8,19,48,2,1,0
W523,13,15,56,0,1,0
W524,10,53,51,1,1,0
W525,14,8,24,2,1,0
W526,13,35,20,0,1,0
W527,5,37,26,0,1,0
W528,22,3,283,4,0,1
W529,13,32,42,1,1,0
W530,6,16,34,0,1,0
W531,45,4,254,6,0,1
W532,25,2,277,3,0,1
W533,6,21,54,2,1,0
W534,13,52,28,0,1,0
W535,30,7,344,9,0,1
W536,11,8,38,1,1,0
W537,31,8,126,7,0,1
W538,15,59,30,1,1,0
W539,50,2,310,7,0,1
W540,14,10,33,1,1,0
W541,12,9,322,8,0,1
W542,1,34,44,1,1,0
W543,2,37,50,0,1,0
W544,46,7,283,4,0,1
W545,26,8,214,7,0,1
W546,49,4,294,10,0,1
W547,44,6,348,4,0,1
W548,42,2,289,5,0,1
W549,35,4,237,5,0,1
W550,13,5,309,8,0,1
W551,29,5,190,6,0,1
W552,40,1,186,5,0,1
W553,28,5,297,10,0,1
W554,29,7,332,7,0,1
W555,8,58,27,1,1,0
W556,2,18,37,0,1,0
W557,22,10,125,10,0,1
W558,49,5,293,4,0,1
W559,20,1,301,7,0,1
W560,18,3,311,5,0,1
W561,5,53,43,1,1,0
W562,2,6,28,1,1,0
W563,6,37,57,2,1,0
W564,15,39,37,1,1,0
W565,37,5,150,7,0,1
W566,2,25,21,0,1,0
W567,29,9,178,6,0,1
W568,14,21,40,2,1,0
W569,15,15,52,0,1,0
W570,11,13,22,0,1,0
W571,22,1,137,8,0,1
W572,1,10,32,2,1,0
W573,10,25,34,1,1,0
W574,5,10,27,1,1,0
W575,14,11,48,2,1,0
W576,14,9,123,3,0,1
W577,2,26,20,1,1,0
W578,39,6,196,10,0,1
W579,19,1,129,9,0,1
W580,11,40,43,1,1,0
W581,41,10,285,4,0,1
W582,16,6,328,9,0,1
W583,2,28,55,2,1,0
W584,3,5,22,0,1,0
W585,18,3,174,4,0,1
W586,15,37,24,1,1,0
W587,11,9,139,6,0,1
W588,48,3,212,6,0,1
W589,2,9,53,2,1,0
W590,17,3,172,6,0,1
W591,4,49,52,0,1,0
W592,12,9,316,6,0,1
W593,4,25,30,1,1,0
W594,15,5,37,2,1,0
W595,16,8,189,5,0,1
W596,14,43,58,1,1,0
W597,27,9,229,7,0,1
W598,1,58,54,1,1,0
W599,9,43,50,2,1,0
W600,11,44,52,2,1,0
W601,48,5,161,4,0,1
W602,33,10,126,4,0,1
W603,48,3,340,5,0,1
W604,13,18,33,2,1,0
W605,25,5,266,6,0,1
W606,12,10,310,4,0,1
W607,25,3,286,8,0,1
W608,5,22,50,2,1,0
W609,3,9,58,0,1,0
W610,43,3,378,8,0,1
W611,35,3,311,5,0,1
W612,9,29,40,0,1,0
W613,31,6,346,8,0,1
W614,1,38,44,0,1,0
W615,15,10,330,7,0,1
W616,31,5,297,8,0,1
W617,30,4,322,7,0,1
W618,39,6,345,6,0,1
W619,12,19,31,0,1,0
W620,20,5,233,3,0,1
W621,24,6,323,5,0,1
W622,41,1,192,9,0,1
W623,23,4,201,9,0,1
W624,19,6,340,8,0,1
W625,24,2,222,3,0,1
W626,1,38,37,2,1,0
W627,4,43,53,0,1,0
W628,25,9,322,6,0,1
W629,9,58,36,1,1,0
W630,10,25,23,1,1,0
W631,13,15,33,0,1,0
W632,40,6,379,10,0,1
W633,48,10,359,5,0,1
W634,43,9,319,8,0,1
W635,35,2,336,4,0,1
W636,8,22,42,0,1,0
W637,8,19,39,1,1,0
W638,34,6,150,8,0,1
W639,17,9,252,3,0,1
W640,19,4,314,8,0,1
W641,27,2,290,4,0,1
W642,26,9,222,8,0,1
W643,10,3,195,8,0,1
W644,40,10,291,3,0,1
W645,24,4,376,8,0,1
W646,9,7,51,0,1,0
W647,48,3,352,9,0,1
W648,12,2,379,5,0,1
W649,1,38,43,2,1,0
W650,14,1,153,9,0,1
W651,5,34,58,0,1,0
W652,41,3,215,8,0,1
W653,20,4,187,8,0,1
W654,9,11,49,1,1,0
W655,5,29,30,2,1,0
W656,4,44,20,0,1,0
W657,13,57,52,2,1,0
W658,14,2,176,4,0,1
W659,9,22,56,1,1,0
W660,11,58,24,1,1,0
W661,12,34,54,2,1,0
W662,13,48,25,0,1,0
W663,3,29,51,2,1,0
W664,1,37,56,2,1,0
W665,29,3,380,6,0,1
W666,6,5,49,2,1,0
W667,25,1,231,5,0,1
W668,30,9,380,8,0,1
W669,33,9,238,6,0,1
W670,2,42,48,2,1,0
W671,4,55,57,0,1,0
W672,24,2,209,10,0,1
W673,10,1,342,6,0,1
W674,12,2,193,6,0,1
W675,40,4,159,8,0,1
W676,2,37,39,0,1,0
W677,24,3,160,7,0,1
W678,35,2,226,8,0,1
W679,10,8,364,7,0,1
W680,3,51,57,1,1,0
W681,25,9,124,6,0,1
W682,21,4,223,10,0,1
W683,10,54,53,1,1,0
W684,25,7,301,3,0,1
W685,20,4,301,3,0,1
W686,46,6,228,6,0,1
W687,9,13,23,0,1,0
W688,13,56,57,0,1,0
W689,13,8,332,10,0,1
W690,6,28,46,2,1,0
W691,9,41,45,0,1,0
W692,9,46,55,0,1,0
W693,5,21,54,1,1,0
W694,19,10,366,8,0,1
W695,4,9,43,1,1,0
W696,1,35,38,2,1,0
W697,11,8,363,3,0,1
W698,32,10,349,9,0,1
W699,14,10,47,1,1,0
W700,11,7,56,0,1,0
W701,1,44,27,1,1,0
W702,25,2,172,10,0,1
W703,42,9,275,5,0,1
W704,48,3,322,5,0,1
W705,10,27,55,0,1,0
W706,12,5,295,4,0,1
W707,12,39,23,2,1,0
W708,32,6,399,8,0,1
W709,44,8,122,6,0,1
W710,35,9,287,7,0,1
W711,8,39,38,0,1,0
W712,7,45,29,0,1,0
W713,27,4,193,10,0,1
W714,12,50,41,1,1,0
W715,6,36,52,0,1,0
W716,16,5,235,9,0,1
W717,42,10,390,8,0,1
W718,14,52,21,1,1,0
W719,38,4,309,4,0,1
W720,12,2,221,7,0,1
W721,7,47,30,0,1,0
W722,48,3,333,10,0,1
W723,8,11,47,1,1,0
W724,38,7,124,3,0,1
W725,44,5,275,9,0,1
W726,26,7,227,9,0,1
W727,42,10,168,4,0,1
W728,28,5,200,10,0,1
W729,12,50,37,0,1,0
W730,15,14,59,0,1,0
W731,14,5,236,9,0,1
W732,48,9,247,10,0,1
W733,29,6,400,6,0,1
W734,4,34,50,1,1,0
W735,2,15,41,0,1,0
W736,12,53,27,2,1,0
W737,15,51,21,0,1,0
W738,10,16,30,0,1,0
W739,37,10,394,9,0,1
W740,12,51,46,1,1,0
W741,39,6,359,10,0,1
W742,7,31,47,2,1,0
W743,6,29,57,0,1,0
W744,14,45,20,2,1,0
W745,14,37,58,0,1,0
W746,10,51,27,2,1,0
W747,46,8,320,8,0,1
W748,7,37,59,0,1,0
W749,2,37,58,1,1,0
W750,25,7,238,7,0,1
W751,14,16,52,0,1,0
W752,4,17,20,1,1,0
W753,47,9,312,9,0,1
W754,15,30,42,0,1,0
W755,2,19,22,1,1,0
W756,3,56,30,2,1,0
W757,28,4,305,9,0,1
W758,17,7,140,4,0,1
W759,45,4,263,4,0,1
W760,3,11,25,2,1,0
W761,4,58,37,1,1,0
W762,17,8,257,7,0,1
W763,25,8,242,10,0,1
W764,3,12,51,2,1,0
W765,22,10,223,10,0,1
W766,9,56,59,1,1,0
W767,4,10,24,1,1,0
W768,4,30,59,2,1,0
W769,33,8,384,4,0,1
W770,13,58,53,0,1,0
W771,7,49,41,0,1,0
W772,1,40,43,1,1,0
W773,36,9,382,5,0,1
W774,22,4,284,6,0,1
W775,7,56,57,0,1,0
W776,2,14,36,2,1,0
W777,24,2,237,3,0,1
W778,29,2,351,10,0,1
W779,5,21,39,2,1,0
W780,24,5,147,3,0,1
W781,9,54,56,2,1,0
W782,13,1,240,10,0,1
W783,45,3,243,9,0,1
W784,31,1,121,5,0,1
W785,21,3,256,7,0,1
W786,37,9,383,8,0,1
W787,8,14,59,1,1,0
W788,11,5,20,0,1,0
W789,39,3,203,7,0,1
W790,41,3,177,3,0,1
W791,12,15,38,0,1,0
W792,9,9,41,2,1,0
W793,11,32,44,1,1,0
W794,9,31,28,2,1,0
W795,26,9,359,4,0,1
W796,42,1,175,8,0,1
W797,34,8,386,8,0,1
W798,46,10,152,5,0,1
W799,11,30,50,2,1,0
W800,46,9,347,6,0,1
W801,41,9,212,9,0,1
W802,48,8,186,9,0,1
W803,32,8,153,3,0,1
W804,2,35,29,1,1,0
W805,15,7,272,6,0,1
W806,2,19,42,2,1,0
W807,41,7,140,7,0,1
W808,22,9,177,6,0,1
W809,39,10,271,7,0,1
W810,45,5,318,5,0,1
W811,8,41,57,0,1,0
W812,5,33,60,0,1,0
W813,24,6,334,5,0,1
W814,29,5,203,3,0,1
W815,33,9,153,10,0,1
W816,8,55,55,2,1,0
W817,43,2,335,5,0,1
W818,45,4,230,4,0,1
W819,2,58,29,0,1,0
W820,18,9,314,6,0,1
W821,1,37,46,2,1,0
W822,2,41,36,1,1,0
W823,23,4,258,10,0,1
W824,25,10,173,3,0,1
W825,16,4,384,6,0,1
W826,10,42,55,1,1,0
W827,27,5,233,10,0,1
W828,15,10,389,6,0,1
W829,37,6,276,10,0,1
W830,49,4,211,6,0,1
W831,36,9,302,5,0,1
W832,30,9,163,5,0,1
W833,11,3,207,7,0,1
W834,10,22,58,0,1,0
W835,8,25,51,1,1,0
W836,2,14,57,0,1,0
W837,8,14,45,2,1,0
W838,8,33,49,1,1,0
W839,14,36,20,0,1,0
W840,2,32,40,0,1,0
W841,10,7,308,7,0,1
W842,35,4,161,3,0,1
W843,2,11,47,1,1,0
W844,22,2,373,6,0,1
W845,26,3,160,4,0,1
W846,41,6,355,5,0,1
W847,30,6,240,9,0,1
W848,10,27,52,2,1,0
W849,15,30,34,0,1,0
W850,32,8,192,5,0,1
W851,21,7,178,4,0,1
W852,49,3,353,3,0,1
W853,39,8,132,5,0,1
W854,26,2,304,9,0,1
W855,49,1,284,9,0,1
W856,39,8,305,3,0,1
W857,27,7,148,9,0,1
W858,6,52,51,1,1,0
W859,4,30,38,1,1,0
W860,18,4,159,3,0,1
W861,26,7,228,8,0,1
W862,9,36,58,0,1,0
W863,1,58,35,2,1,0
W864,9,8,45,0,1,0
W865,1,41,21,1,1,0
W866,5,11,37,2,1,0
W867,2,14,55,0,1,0
W868,10,14,31,2,1,0
W869,13,51,43,2,1,0
W870,4,28,44,0,1,0
W871,27,5,343,10,0,1
W872,37,7,197,9,0,1
W873,30,2,293,9,0,1
W874,13,30,47,0,1,0
W875,38,6,246,10,0,1
W876,9,14,28,2,1,0
W877,43,1,274,6,0,1
W878,38,1,151,5,0,1
W879,4,42,59,1,1,0
W880,5,49,26,2,1,0
W881,15,9,391,4,0,1
W882,43,4,327,5,0,1
W883,44,4,258,9,0,1
W884,43,1,381,9,0,1
W885,27,3,195,7,0,1
W886,43,9,158,9,0,1
W887,30,4,257,9,0,1
W888,22,8,385,5,0,1
W889,35,4,197,10,0,1
W890,3,52,57,0,1,0
W891,10,57,35,0,1,0
W892,33,6,223,6,0,1
W893,49,3,372,5,0,1
W894,15,13,24,1,1,0
W895,13,14,39,1,1,0
W896,16,7,323,10,0,1
W897,14,8,210,6,0,1
W898,34,2,297,3,0,1
W899,6,53,51,2,1,0
W900,33,9,136,9,0,1
W901,1,45,41,2,1,0
W902,11,24,37,0,1,0
W903,13,6,51,0,1,0
W904,44,3,120,8,0,1
W905,12,54,23,2,1,0
W906,42,6,246,5,0,1
W907,46,7,144,7,0,1
W908,50,6,236,6,0,1
W909,4,50,35,0,1,0
W910,7,39,33,2,1,0
W911,49,10,144,10,0,1
W912,17,5,262,10,0,1
W913,7,58,42,0,1,0
W914,42,10,296,8,0,1
W915,12,10,225,10,0,1
W916,10,25,41,0,1,0
W917,10,3,175,3,0,1
W918,8,40,22,1,1,0
W919,1,59,40,0,1,0
W920,13,58,55,1,1,0
W921,24,6,392,4,0,1
W922,35,5,142,6,0,1
W923,1,8,60,2,1,0
W924,13,7,48,1,1,0
W925,39,7,301,7,0,1
W926,13,2,268,8,0,1
W927,49,10,176,9,0,1
W928,31,7,346,8,0,1
W929,7,45,37,2,1,0
W930,48,7,336,9,0,1
W931,7,20,41,2,1,0
W932,31,5,159,7,0,1
W933,14,58,36,0,1,0
W934,1,19,34,0,1,0
W935,4,58,41,2,1,0
W936,44,1,168,8,0,1
W937,50,10,226,4,0,1
W938,14,14,56,0,1,0
W939,3,34,22,1,1,0
W940,10,12,44,2,1,0
W941,26,9,144,5,0,1
W942,9,25,24,2,1,0
W943,15,40,28,0,1,0
W944,11,42,41,0,1,0
W945,4,40,42,1,1,0
W946,43,9,269,6,0,1
W947,1,31,33,2,1,0
W948,15,39,34,0,1,0
W949,25,6,174,5,0,1
W950,12,11,21,1,1,0
W951,29,5,257,8,0,1
W952,4,35,27,1,1,0
W953,28,1,355,5,0,1
W954,4,41,37,2,1,0
W955,32,8,188,10,0,1
W956,34,4,126,4,0,1
W957,36,6,234,6,0,1
W958,10,9,292,8,0,1
W959,41,9,378,3,0,1
W960,8,38,37,0,1,0
W961,1,29,39,2,1,0
W962,10,23,59,1,1,0
W963,2,53,34,1,1,0
W964,17,8,308,7,0,1
W965,45,8,271,8,0,1
W966,38,1,341,6,0,1
W967,27,9,357,7,0,1
W968,43,2,203,7,0,1
W969,9,45,50,0,1,0
W970,19,10,315,6,0,1
W971,48,4,270,9,0,1
W972,2,11,24,0,1,0
W973,5,24,39,0,1,0
W974,5,41,38,1,1,0
W975,15,14,53,0,1,0
W976,4,21,52,1,1,0
W977,33,6,231,3,0,1
W978,15,46,25,0,1,0
W979,22,9,400,10,0,1
W980,4,42,27,0,1,0
W981,6,16,29,1,1,0
W982,9,26,34,2,1,0
W983,2,40,51,0,1,0
W984,40,9,337,6,0,1
W985,11,11,44,0,1,0
W986,6,17,40,2,1,0
W987,6,51,40,1,1,0
W988,40,5,200,3,0,1
W989,6,15,47,2,1,0
W990,32,1,312,5,0,1
W991,6,44,34,2,1,0
W992,20,3,268,4,0,1
W993,13,32,44,2,1,0
W994,12,9,55,0,1,0
W995,15,1,312,7,0,1
W996,27,2,304,10,0,1
W997,5,56,35,2,1,0
W998,34,1,288,3,0,1
W999,38,1,189,4,0,1
W1000,45,4,134,10,0,1
W1001,18,10,290,8,0,1
W1002,2,24,40,1,1,0
W1003,6,50,50,2,1,0
W1004,36,4,301,10,0,1
W1005,50,2,269,3,0,1
W1006,13,12,56,2,1,0
W1007,4,53,43,0,1,0
W1008,13,23,46,2,1,0
W1009,30,1,130,7,0,1
W1010,8,12,23,2,1,0
W1011,13,55,59,0,1,0
W1012,2,14,48,0,1,0
W1013,15,12,53,0,1,0
W1014,6,40,56,2,1,0
W1015,40,4,330,4,0,1
W1016,5,57,51,1,1,0
W1017,15,12,40,0,1,0
W1018,43,5,336,5,0,1
W1019,10,45,53,1,1,0
W1020,45,1,185,6,0,1
W1021,11,7,206,8,0,1
W1022,45,4,215,6,0,1
W1023,12,24,58,0,1,0
W1024,44,1,393,10,0,1
W1025,3,44,56,1,1,0
W1026,21,6,191,4,0,1
W1027,34,4,390,5,0,1
W1028,2,54,32,2,1,0
W1029,12,13,20,0,1,0
W1030,22,1,122,3,0,1
W1031,23,6,161,6,0,1
W1032,5,23,25,2,1,0
W1033,7,35,55,2,1,0
W1034,31,4,169,7,0,1
W1035,37,5,194,3,0,1
W1036,13,8,213,8,0,1
W1037,30,7,215,3,0,1
W1038,48,1,136,9,0,1
W1039,21,10,238,5,0,1
W1040,48,5,284,5,0,1
W1041,41,8,217,4,0,1
W1042,3,47,31,0,1,0
W1043,30,6,122,7,0,1
W1044,2,22,46,1,1,0
W1045,2,6,49,0,1,0
W1046,36,9,398,10,0,1
W1047,4,22,30,2,1,0
W1048,5,52,49,2,1,0
W1049,14,24,20,1,1,0
W1050,7,15,39,2,1,0
W1051,13,36,39,2,1,0
W1052,7,12,56,0,1,0
W1053,35,5,329,4,0,1
W1054,37,9,249,3,0,1
W1055,45,10,375,5,0,1
W1056,6,14,48,2,1,0
W1057,32,9,201,3,0,1
W1058,34,3,318,8,0,1
W1059,14,51,29,0,1,0
W1060,10,57,45,0,1,0
W1061,8,33,49,1,1,0
W1062,46,10,243,5,0,1
W1063,33,1,222,3,0,1
W1064,1,55,53,1,1,0
W1065,20,3,220,6,0,1
W1066,9,12,48,0,1,0
W1067,7,33,59,2,1,0
W1068,5,26,32,1,1,0
W1069,11,28,52,0,1,0
W1070,37,10,254,4,0,1
W1071,2,24,47,2,1,0
W1072,4,48,33,1,1,0
W1073,22,2,268,3,0,1
W1074,10,53,50,1,1,0
W1075,13,8,26,0,1,0
W1076,29,8,240,7,0,1
W1077,50,1,341,5,0,1
W1078,43,5,292,4,0,1
W1079,22,10,197,10,0,1
W1080,14,13,27,1,1,0
W1081,3,22,22,1,1,0
W1082,32,2,173,8,0,1
W1083,12,16,44,1,1,0
W1084,1,26,20,2,1,0
W1085,9,19,45,0,1,0
W1086,27,10,150,3,0,1
W1087,14,57,28,2,1,0
W1088,15,37,28,2,1,0
W1089,5,38,60,0,1,0
W1090,20,5,293,4,0,1
W1091,3,59,31,2,1,0
W1092,43,9,275,7,0,1
W1093,42,8,363,4,0,1
W1094,9,19,58,2,1,0
W1095,10,31,22,0,1,0
W1096,9,30,34,1,1,0
W1097,42,2,125,5,0,1
W1098,11,7,313,10,0,1
W1099,1,58,27,0,1,0
W1100,19,8,294,8,0,1
W1101,14,11,55,1,1,0
W1102,33,5,177,9,0,1
W1103,21,7,383,5,0,1
W1104,10,4,181,8,0,1
W1105,18,9,377,4,0,1
W1106,2,12,51,2,1,0
W1107,15,44,51,0,1,0
W1108,11,8,42,1,1,0
W1109,28,4,298,5,0,1
W1110,20,10,384,10,0,1
W1111,7,37,41,2,1,0
W1112,40,1,313,3,0,1
W1113,15,15,54,1,1,0
W1114,2,7,53,2,1,0
W1115,10,35,58,1,1,0
W1116,1,45,57,0,1,0
W1117,10,20,53,1,1,0
W1118,40,1,131,7,0,1
W1119,17,10,256,5,0,1
W1120,41,7,274,5,0,1
W1121,9,37,51,2,1,0
W1122,43,4,331,3,0,1
W1123,7,42,48,2,1,0
W1124,15,11,39,0,1,0
W1125,31,1,312,10,0,1
W1126,21,3,370,4,0,1
W1127,14,10,383,3,0,1
W1128,1,16,24,1,1,0
W1129,13,55,49,2,1,0
W1130,13,39,35,2,1,0
W1131,10,23,36,2,1,0
W1132,25,4,369,10,0,1
W1133,14,48,34,2,1,0
W1134,1,36,53,0,1,0
W1135,39,3,325,6,0,1
W1136,45,4,230,9,0,1
W1137,36,9,193,10,0,1
W1138,3,9,32,2,1,0
W1139,4,18,36,1,1,0
W1140,36,9,324,8,0,1
W1141,1,33,58,2,1,0
W1142,6,11,55,0,1,0
W1143,14,52,56,2,1,0
W1144,8,16,28,2,1,0
W1145,3,50,52,2,1,0
W1146,3,41,54,2,1,0
W1147,21,5,129,3,0,1
W1148,22,7,198,8,0,1
W1149,42,4,299,7,0,1
W1150,15,5,325,7,0,1
W1151,43,10,336,9,0,1
W1152,15,21,57,0,1,0
W1153,14,2,391,6,0,1
W1154,36,9,194,4,0,1
W1155,15,31,33,2,1,0
W1156,35,10,308,10,0,1
W1157,30,5,152,5,0,1
W1158,15,8,56,2,1,0
W1159,13,28,49,1,1,0
W1160,49,6,280,5,0,1
W1161,1,18,58,2,1,0
W1162,27,3,318,3,0,1
W1163,12,53,38,1,1,0
W1164,3,51,20,0,1,0
W1165,8,13,33,0,1,0
W1166,6,60,30,1,1,0
W1167,3,28,49,0,1,0
W1168,22,4,305,8,0,1
W1169,40,4,148,9,0,1
W1170,17,3,354,4,0,1
W1171,27,3,373,9,0,1
W1172,38,6,164,6,0,1
W1173,50,4,279,3,0,1
W1174,38,9,319,9,0,1
W1175,3,5,51,0,1,0
W1176,46,1,220,4,0,1
W1177,5,40,60,0,1,0
W1178,10,2,315,3,0,1
W1179,15,59,37,1,1,0
W1180,1,49,54,0,1,0
W1181,12,40,44,1,1,0
W1182,15,21,56,1,1,0
W1183,24,8,149,6,0,1
W1184,29,10,177,5,0,1
W1185,12,11,59,1,1,0
W1186,7,17,53,1,1,0
W1187,2,55,49,2,1,0
W1188,45,7,168,10,0,1
W1189,13,11,34,1,1,0
W1190,15,30,26,2,1,0
W1191,14,24,53,2,1,0
W1192,11,8,55,2,1,0
W1193,9,54,56,1,1,0
W1194,6,36,24,2,1,0
W1195,6,5,57,0,1,0
W1196,25,1,287,3,0,1
W1197,22,1,363,10,0,1
W1198,41,3,295,9,0,1
W1199,44,6,386,6,0,1
W1200,10,16,41,2,1,0
W1201,14,1,330,4,0,1
W1202,18,7,255,8,0,1
W1203,7,55,56,0,1,0
W1204,11,20,59,0,1,0
W1205,27,4,184,6,0,1
W1206,19,4,382,8,0,1
W1207,17,5,261,5,0,1
W1208,4,43,50,1,1,0
W1209,6,26,41,2,1,0
W1210,11,36,58,2,1,0
W1211,30,1,352,9,0,1
W1212,21,3,264,6,0,1
W1213,15,50,46,2,1,0
W1214,5,31,42,1,1,0
W1215,25,6,375,4,0,1
W1216,3,26,39,0,1,0
W1217,21,9,331,7,0,1
W1218,12,38,51,2,1,0
W1219,6,20,60,2,1,0
W1220,12,54,52,1,1,0
W1221,25,9,290,9,0,1
W1222,9,22,38,0,1,0
W1223,8,52,32,2,1,0
W1224,36,7,246,3,0,1
W1225,14,35,41,2,1,0
W1226,13,5,302,5,0,1
W1227,12,18,41,2,1,0
W1228,31,9,179,4,0,1
W1229,43,8,209,9,0,1
W1230,26,2,243,10,0,1
W1231,42,3,357,8,0,1
W1232,23,3,335,9,0,1
W1233,43,2,392,8,0,1
W1234,10,8,363,8,0,1
W1235,5,18,51,2,1,0
W1236,35,10,391,8,0,1
W1237,37,6,400,5,0,1
W1238,12,49,58,2,1,0
W1239,6,43,43,2,1,0
W1240,3,50,26,1,1,0
W1241,35,2,152,9,0,1
W1242,44,1,198,5,0,1
W1243,7,45,32,2,1,0
W1244,5,9,22,0,1,0
W1245,48,9,336,5,0,1
W1246,20,3,210,6,0,1
W1247,50,4,362,8,0,1
W1248,38,4,327,6,0,1
W1249,31,8,192,5,0,1
W1250,40,2,278,10,0,1
W1251,47,3,347,8,0,1
W1252,25,1,214,9,0,1
W1253,44,10,279,9,0,1
W1254,28,4,207,7,0,1
W1255,29,2,210,10,0,1
W1256,14,11,46,0,1,0
W1257,17,1,255,6,0,1
W1258,35,3,151,4,0,1
W1259,21,8,289,7,0,1
W1260,13,5,186,3,0,1
W1261,11,14,54,2,1,0
W1262,44,7,350,10,0,1
W1263,9,22,20,0,1,0
W1264,15,53,43,2,1,0
W1265,6,34,48,2,1,0
W1266,1,44,35,0,1,0
W1267,42,2,124,3,0,1
W1268,8,38,37,1,1,0
W1269,13,7,171,6,0,1
W1270,11,2,352,9,0,1
W1271,3,59,22,0,1,0
W1272,31,10,218,9,0,1
W1273,28,1,219,3,0,1
W1274,3,8,37,0,1,0
W1275,4,34,47,2,1,0
W1276,40,3,338,4,0,1
W1277,1,29,45,0,1,0
W1278,47,6,365,8,0,1
W1279,2,13,41,0,1,0
W1280,9,54,55,2,1,0
W1281,8,16,44,2,1,0
W1282,7,23,34,1,1,0
W1283,7,46,28,2,1,0
W1284,1,48,49,1,1,0
W1285,36,9,304,5,0,1
W1286,22,2,178,6,0,1
W1287,11,51,52,0,1,0
W1288,14,20,52,1,1,0
W1289,18,7,155,9,0,1
W1290,3,37,51,1,1,0
W1291,24,3,344,7,0,1
W1292,5,46,58,1,1,0
W1293,22,3,143,6,0,1
W1294,21,3,284,4,0,1
W1295,15,10,355,5,0,1
W1296,34,10,224,8,0,1
W1297,41,6,184,3,0,1
W1298,40,3,131,7,0,1
W1299,34,5,220,5,0,1
W1300,25,2,374,9,0,1
W1301,48,9,321,3,0,1
W1302,15,17,28,2,1,0
W1303,39,5,184,9,0,1
W1304,15,42,43,1,1,0
W1305,45,8,345,10,0,1
W1306,13,5,133,8,0,1
W1307,12,6,281,8,0,1
W1308,22,9,347,8,0,1
W1309,44,10,392,6,0,1
W1310,5,52,29,2,1,0
W1311,45,10,161,9,0,1
W1312,11,9,59,1,1,0
W1313,13,1,255,5,0,1
W1314,29,2,200,10,0,1
W1315,13,59,59,1,1,0
W1316,36,3,329,6,0,1
W1317,3,37,42,0,1,0
W1318,7,25,35,0,1,0
W1319,18,1,267,4,0,1
W1320,37,5,299,5,0,1
W1321,5,41,48,1,1,0
W1322,30,5,314,10,0,1
W1323,4,54,51,2,1,0
W1324,3,21,42,0,1,0
W1325,8,50,43,1,1,0
W1326,3,42,46,1,1,0
W1327,15,16,33,2,1,0
W1328,23,2,339,9,0,1
W1329,8,34,47,2,1,0
W1330,4,58,31,1,1,0
W1331,12,35,27,1,1,0
W1332,15,9,196,7,0,1
W1333,46,1,232,9,0,1
W1334,9,55,44,1,1,0
W1335,43,8,367,6,0,1
W1336,47,1,308,4,0,1
W1337,1,29,36,2,1,0
W1338,47,5,272,6,0,1
W1339,30,1,371,8,0,1
W1340,15,28,51,1,1,0
W1341,10,60,48,1,1,0
W1342,5,7,36,1,1,0
W1343,4,32,43,2,1,0
W1344,16,3,240,8,0,1
W1345,15,37,29,2,1,0
W1346,40,1,198,10,0,1
W1347,12,14,26,0,1,0
W1348,7,12,24,0,1,0
W1349,25,1,295,4,0,1
W1350,33,9,142,3,0,1
W1351,49,6,281,7,0,1
W1352,9,53,37,1,1,0
W1353,19,3,197,10,0,1
W1354,13,38,42,2,1,0
W1355,46,8,315,5,0,1
W1356,15,3,141,3,0,1
W1357,8,7,25,2,1,0
W1358,20,2,303,7,0,1
W1359,15,40,31,0,1,0
W1360,17,1,138,4,0,1
W1361,12,29,59,1,1,0
W1362,4,39,58,2,1,0
W1363,32,7,176,5,0,1
W1364,1,30,51,1,1,0
W1365,4,9,47,1,1,0
W1366,12,7,31,0,1,0
W1367,1,58,55,2,1,0
W1368,46,6,258,6,0,1
W1369,12,31,28,2,1,0
W1370,12,16,50,2,1,0
W1371,8,34,31,2,1,0
W1372,13,29,29,0,1,0
W1373,11,9,26,1,1,0
W1374,15,20,53,1,1,0
W1375,21,3,277,9,0,1
W1376,4,10,38,0,1,0
W1377,8,16,59,0,1,0
W1378,2,55,58,1,1,0
W1379,8,32,24,2,1,0
W1380,11,34,56,0,1,0
W1381,48,7,120,10,0,1
W1382,5,7,20,0,1,0
W1383,2,24,48,1,1,0
W1384,29,5,364,9,0,1
W1385,46,7,396,8,0,1
W1386,50,6,132,5,0,1
W1387,12,5,25,2,1,0
W1388,27,7,307,3,0,1
W1389,1,33,31,2,1,0
W1390,12,4,283,9,0,1
W1391,35,7,193,7,0,1
W1392,17,8,296,3,0,1
W1393,45,6,208,6,0,1
W1394,6,44,58,1,1,0
W1395,12,9,54,2,1,0
W1396,3,58,33,2,1,0
W1397,37,7,334,6,0,1
W1398,4,11,49,2,1,0
W1399,4,33,28,2,1,0
W1400,3,9,24,2,1,0
W1401,38,1,336,3,0,1
W1402,10,9,243,3,0,1
W1403,2,33,24,1,1,0
W1404,21,5,392,8,0,1
W1405,38,9,224,7,0,1
W1406,32,3,350,9,0,1
W1407,10,43,21,1,1,0
W1408,45,7,355,7,0,1
W1409,36,2,186,6,0,1
W1410,6,12,56,1,1,0
W1411,15,8,133,10,0,1
W1412,10,32,25,1,1,0
W1413,2,48,46,2,1,0
W1414,9,30,57,0,1,0
W1415,30,4,344,8,0,1
W1416,27,3,171,10,0,1
W1417,5,34,22,2,1,0
W1418,1,15,55,1,1,0
W1419,7,13,28,2,1,0
W1420,9,29,55,2,1,0
W1421,33,10,122,4,0,1
W1422,9,8,39,0,1,0
W1423,37,9,267,9,0,1
W1424,9,30,36,0,1,0
W1425,7,28,53,0,1,0
W1426,11,29,57,2,1,0
W1427,11,9,300,10,0,1
W1428,44,8,320,8,0,1
W1429,14,13,33,2,1,0
W1430,16,5,152,9,0,1
W1431,27,7,291,8,0,1
W1432,50,3,219,4,0,1
W1433,12,6,311,10,0,1
W1434,12,8,183,6,0,1
W1435,1,46,25,0,1,0
W1436,10,27,27,0,1,0
W1437,8,17,28,2,1,0
W1438,39,9,365,6,0,1
W1439,23,3,332,6,0,1
W1440,12,56,27,0,1,0
W1441,43,9,272,6,0,1
W1442,29,9,191,6,0,1
W1443,20,3,257,10,0,1
W1444,4,43,22,1,1,0
W1445,10,28,48,2,1,0
W1446,11,28,57,2,1,0
W1447,19,5,137,7,0,1
W1448,11,45,21,2,1,0
W1449,50,8,288,4,0,1
W1450,24,7,128,7,0,1
W1451,39,1,138,4,0,1
W1452,7,18,46,2,1,0
W1453,13,29,35,2,1,0
W1454,1,33,35,2,1,0
W1455,34,2,157,3,0,1
W1456,42,7,373,7,0,1
W1457,10,25,39,1,1,0
W1458,44,7,243,7,0,1
W1459,28,5,224,5,0,1
W1460,28,8,324,10,0,1
W1461,2,44,57,1,1,0
W1462,15,44,36,0,1,0
W1463,3,33,46,1,1,0
W1464,37,8,266,10,0,1
W1465,8,57,22,0,1,0
W1466,5,40,35,1,1,0
W1467,46,4,364,6,0,1
W1468,12,9,218,4,0,1
W1469,38,1,132,6,0,1
W1470,26,4,316,5,0,1
W1471,6,58,58,1,1,0
W1472,1,48,41,1,1,0
W1473,39,6,159,6,0,1
W1474,10,42,50,0,1,0
W1475,4,35,30,0,1,0
W1476,43,2,227,5,0,1
W1477,7,14,41,0,1,0
W1478,41,10,171,10,0,1
W1479,8,17,51,1,1,0
W1480,46,6,139,9,0,1
W1481,6,14,31,2,1,0
W1482,15,41,52,0,1,0
W1483,30,4,364,8,0,1
W1484,1,26,27,0,1,0
W1485,10,44,54,1,1,0
W1486,13,58,40,0,1,0
W1487,12,8,54,0,1,0
W1488,5,58,55,0,1,0
W1489,30,7,391,7,0,1
W1490,11,8,26,0,1,0
W1491,34,7,144,10,0,1
W1492,2,15,28,1,1,0
W1493,9,51,50,0,1,0
W1494,3,32,31,0,1,0
W1495,9,49,27,2,1,0
W1496,36,4,155,10,0,1
W1497,33,7,152,3,0,1
W1498,2,26,57,2,1,0
W1499,6,53,23,0,1,0
W1500,14,52,33,2,1,0
W1501,5,7,24,2,1,0
W1502,33,4,303,6,0,1
W1503,23,5,141,8,0,1
W1504,12,11,51,1,1,0
W1505,8,55,56,2,1,0
W1506,20,8,148,8,0,1
W1507,12,22,42,2,1,0
W1508,1,24,31,2,1,0
W1509,11,20,44,1,1,0
W1510,14,50,42,0,1,0
W1511,8,43,39,0,1,0
W1512,12,43,25,1,1,0
W1513,14,37,55,0,1,0
W1514,3,55,38,1,1,0
W1515,30,6,196,3,0,1
W1516,40,1,251,8,0,1
W1517,33,2,237,8,0,1
W1518,6,32,60,0,1,0
W1519,12,30,26,2,1,0
W1520,1,22,55,1,1,0
W1521,10,46,27,1,1,0
W1522,21,7,182,7,0,1
W1523,21,8,332,5,0,1
W1524,30,9,287,9,0,1
W1525,1,31,22,2,1,0
W1526,12,10,354,6,0,1
W1527,38,5,306,10,0,1
W1528,5,40,46,0,1,0
W1529,7,13,56,1,1,0
W1530,49,8,342,10,0,1
W1531,8,6,34,1,1,0
W1532,18,3,168,3,0,1
W1533,4,32,47,1,1,0
W1534,47,4,322,7,0,1
W1535,12,53,34,2,1,0
W1536,36,4,240,6,0,1
W1537,11,6,313,4,0,1
W1538,16,9,174,6,0,1
W1539,13,33,24,0,1,0
W1540,1,35,45,2,1,0
W1541,11,8,51,2,1,0
W1542,23,2,318,10,0,1
W1543,1,58,51,1,1,0
W1544,8,25,42,2,1,0
W1545,21,3,186,6,0,1
W1546,34,10,273,6,0,1
W1547,11,5,183,6,0,1
W1548,11,39,53,2,1,0
W1549,14,14,22,2,1,0
W1550,6,41,33,1,1,0
W1551,15,9,58,0,1,0
W1552,1,45,59,1,1,0
W1553,43,3,150,5,0,1
W1554,25,3,363,10,0,1
W1555,50,2,361,5,0,1
W1556,49,8,176,6,0,1
W1557,11,6,355,6,0,1
W1558,12,8,289,3,0,1
W1559,1,54,26,0,1,0
W1560,11,3,330,6,0,1
W1561,12,9,269,6,0,1
W1562,10,48,49,0,1,0
W1563,27,2,175,7,0,1
W1564,8,45,51,2,1,0
W1565,11,32,31,1,1,0
W1566,11,8,59,1,1,0
W1567,20,1,245,4,0,1
W1568,25,6,372,10,0,1
W1569,31,4,144,6,0,1
W1570,31,7,322,10,0,1
W1571,33,6,332,3,0,1
W1572,12,23,28,0,1,0
W1573,33,5,394,6,0,1
W1574,37,9,230,3,0,1
W1575,14,11,37,2,1,0
W1576,15,5,385,10,0,1
W1577,12,37,27,0,1,0
W1578,1,28,24,0,1,0
W1579,35,2,325,7,0,1
W1580,8,41,40,0,1,0
W1581,6,24,38,2,1,0
W1582,42,4,181,3,0,1
W1583,9,52,25,0,1,0
W1584,1,17,44,2,1,0
W1585,13,15,57,2,1,0
W1586,48,5,146,3,0,1
W1587,12,1,231,5,0,1
W1588,15,57,46,1,1,0
W1589,42,2,167,9,0,1
W1590,19,6,170,10,0,1
W1591,30,6,228,5,0,1
W1592,42,5,125,3,0,1
W1593,30,5,149,8,0,1
W1594,42,9,321,6,0,1
W1595,5,8,40,2,1,0
W1596,34,7,385,3,0,1
W1597,50,8,369,10,0,1
W1598,42,8,344,9,0,1
W1599,15,1,208,6,0,1
W1600,12,41,55,2,1,0
W1601,19,8,204,8,0,1
W1602,11,5,237,10,0,1
W1603,40,6,279,10,0,1
W1604,13,4,149,6,0,1
W1605,37,9,234,7,0,1
W1606,34,6,146,7,0,1
W1607,41,7,161,10,0,1
W1608,13,38,34,0,1,0
W1609,29,1,285,10,0,1
W1610,13,35,20,2,1,0
W1611,16,9,185,8,0,1
W1612,5,58,39,1,1,0
W1613,19,2,291,8,0,1
W1614,9,12,44,0,1,0
W1615,9,16,46,1,1,0
W1616,2,42,22,0,1,0
W1617,12,10,352,5,0,1
W1618,5,38,51,0,1,0
W1619,31,5,369,5,0,1
W1620,31,2,343,5,0,1
W1621,11,7,194,6,0,1
W1622,15,57,55,1,1,0
W1623,11,7,22,1,1,0
W1624,23,7,156,4,0,1
W1625,24,7,254,7,0,1
W1626,13,24,33,2,1,0
W1627,39,10,183,8,0,1
W1628,2,59,39,0,1,0
W1629,8,55,48,1,1,0
W1630,23,10,241,4,0,1
W1631,37,8,219,8,0,1
W1632,3,14,32,2,1,0
W1633,7,32,53,0,1,0
W1634,17,4,134,3,0,1
W1635,24,4,173,4,0,1
W1636,9,57,35,1,1,0
W1637,26,4,224,4,0,1
W1638,5,18,47,2,1,0
W1639,5,52,51,1,1,0
W1640,23,6,369,7,0,1
W1641,5,14,35,0,1,0
W1642,28,5,373,6,0,1
W1643,19,4,332,7,0,1
W1644,25,10,239,10,0,1
W1645,14,16,50,2,1,0
W1646,15,36,47,1,1,0
W1647,41,3,312,3,0,1
W1648,28,6,256,8,0,1
W1649,34,2,367,5,0,1
W1650,10,1,150,5,0,1
W1651,45,4,243,5,0,1
W1652,7,29,37,0,1,0
W1653,17,6,388,9,0,1
W1654,38,6,278,6,0,1
W1655,10,49,57,2,1,0
W1656,10,14,49,0,1,0
W1657,8,60,39,1,1,0
W1658,13,1,254,7,0,1
W1659,11,36,37,1,1,0
W1660,10,7,27,2,1,0
W1661,29,5,142,4,0,1
W1662,26,3,254,7,0,1
W1663,15,60,26,0,1,0
W1664,10,8,377,4,0,1
W1665,1,53,51,0,1,0
W1666,46,10,230,3,0,1
W1667,13,5,39,0,1,0
W1668,37,8,149,10,0,1
W1669,7,26,47,2,1,0
W1670,4,32,47,2,1,0
W1671,12,49,29,2,1,0
W1672,12,25,57,2,1,0
W1673,10,43,46,1,1,0
W1674,10,8,170,7,0,1
W1675,11,24,38,2,1,0
W1676,39,10,225,4,0,1
W1677,4,10,29,2,1,0
W1678,5,14,57,2,1,0
W1679,10,38,34,0,1,0
W1680,13,8,37,2,1,0
W1681,43,8,229,9,0,1
W1682,23,9,370,6,0,1
W1683,3,20,21,2,1,0
W1684,24,10,273,6,0,1
W1685,24,8,257,8,0,1
W1686,15,32,43,2,1,0
W1687,7,5,35,1,1,0
W1688,11,25,51,1,1,0
W1689,29,1,158,8,0,1
W1690,24,3,184,8,0,1
W1691,14,2,289,7,0,1
W1692,10,8,189,7,0,1
W1693,31,5,160,8,0,1
W1694,5,56,37,1,1,0
W1695,6,10,37,1,1,0
W1696,6,54,51,0,1,0
W1697,2,55,47,0,1,0
W1698,15,35,30,0,1,0
W1699,40,1,248,3,0,1
W1700,24,3,390,5,0,1
W1701,12,12,59,2,1,0
W1702,34,10,368,4,0,1
W1703,21,5,372,5,0,1
W1704,34,4,145,4,0,1
W1705,24,9,197,8,0,1
W1706,13,7,58,2,1,0
W1707,10,2,286,3,0,1
W1708,14,3,216,9,0,1
W1709,14,32,51,1,1,0
W1710,29,4,279,5,0,1
W1711,4,29,31,2,1,0
W1712,12,5,362,3,0,1
W1713,48,1,382,10,0,1
W1714,3,40,31,0,1,0
W1715,7,24,44,1,1,0
W1716,33,3,285,5,0,1
W1717,27,3,228,3,0,1
W1718,49,1,290,8,0,1
W1719,38,5,154,6,0,1
W1720,4,60,20,1,1,0
W1721,14,53,44,1,1,0
W1722,6,17,40,2,1,0
W1723,39,7,202,5,0,1
W1724,34,6,297,8,0,1
W1725,29,9,379,5,0,1
W1726,32,2,280,4,0,1
W1727,14,37,37,0,1,0
W1728,46,8,248,7,0,1
W1729,6,18,47,1,1,0
W1730,48,7,224,5,0,1
W1731,13,35,42,1,1,0
W1732,15,12,51,0,1,0
W1733,44,9,131,8,0,1
W1734,24,10,338,3,0,1
W1735,23,9,146,8,0,1
W1736,6,17,20,1,1,0
W1737,46,3,251,5,0,1
W1738,1,46,21,1,1,0
W1739,1,47,43,0,1,0
W1740,19,5,305,7,0,1
W1741,29,6,145,9,0,1
W1742,10,10,24,1,1,0
W1743,16,1,274,6,0,1
W1744,44,4,196,5,0,1
W1745,1,33,47,1,1,0
W1746,14,34,23,1,1,0
W1747,4,15,29,2,1,0
W1748,43,4,393,6,0,1
W1749,7,18,30,0,1,0
W1750,46,4,345,3,0,1
W1751,37,6,234,9,0,1
W1752,10,8,358,3,0,1
W1753,31,10,279,7,0,1
W1754,36,8,253,7,0,1
W1755,12,4,163,4,0,1
W1756,38,5,153,10,0,1
W1757,10,19,56,2,1,0
W1758,26,2,377,4,0,1
W1759,18,10,294,8,0,1
W1760,48,1,208,4,0,1
W1761,1,56,60,0,1,0
W1762,1,32,32,1,1,0
W1763,2,54,25,0,1,0
W1764,14,45,51,2,1,0
W1765,14,55,46,2,1,0
W1766,30,1,141,4,0,1
W1767,7,28,45,2,1,0
W1768,14,16,21,1,1,0
W1769,12,30,55,0,1,0
W1770,44,10,385,8,0,1
W1771,24,4,392,5,0,1
W1772,24,7,378,3,0,1
W1773,4,8,39,2,1,0
W1774,13,26,36,0,1,0
W1775,6,46,38,2,1,0
W1776,14,38,52,2,1,0
W1777,15,33,60,0,1,0
W1778,32,8,275,5,0,1
W1779,6,55,27,0,1,0
W1780,36,4,376,4,0,1
W1781,24,5,362,9,0,1
W1782,40,2,276,5,0,1
W1783,40,5,176,6,0,1
W1784,9,36,45,1,1,0
W1785,10,13,49,1,1,0
W1786,3,11,30,1,1,0
W1787,4,24,57,1,1,0
W1788,12,26,51,1,1,0
W1789,33,9,161,10,0,1
W1790,12,5,200,7,0,1
W1791,14,42,40,2,1,0
W1792,13,21,43,1,1,0
W1793,3,24,34,0,1,0
W1794,16,5,272,6,0,1
W1795,14,47,21,2,1,0
W1796,12,15,51,2,1,0
W1797,22,2,266,8,0,1
W1798,37,5,216,7,0,1
W1799,17,8,385,7,0,1
W1800,50,4,217,4,0,1
W1801,9,41,53,2,1,0
W1802,3,26,35,1,1,0
W1803,5,48,30,1,1,0
W1804,39,9,370,8,0,1
W1805,15,48,59,1,1,0
W1806,46,7,222,6,0,1
W1807,12,27,32,2,1,0
W1808,6,28,51,2,1,0
W1809,47,5,287,8,0,1
W1810,26,2,322,3,0,1
W1811,7,34,34,2,1,0
W1812,14,2,183,8,0,1
W1813,48,3,254,4,0,1
W1814,28,4,282,7,0,1
W1815,15,9,29,0,1,0
W1816,37,8,356,6,0,1
W1817,2,58,41,2,1,0
W1818,50,6,196,8,0,1
W1819,12,3,222,4,0,1
W1820,12,10,37,1,1,0
W1821,12,8,136,5,0,1
W1822,1,25,28,1,1,0
W1823,15,6,25,1,1,0
W1824,36,9,386,5,0,1
W1825,36,3,243,8,0,1
W1826,18,3,220,10,0,1
W1827,12,36,50,2,1,0
W1828,2,5,25,0,1,0
W1829,1,50,36,0,1,0
W1830,7,39,28,0,1,0
W1831,29,3,154,10,0,1
W1832,15,41,56,2,1,0
W1833,4,17,53,2,1,0
W1834,5,34,38,0,1,0
W1835,22,3,190,6,0,1
W1836,2,19,44,1,1,0
W1837,20,5,375,10,0,1
W1838,2,48,40,1,1,0
W1839,33,2,376,4,0,1
W1840,9,17,55,1,1,0
W1841,48,2,396,3,0,1
W1842,1,38,22,2,1,0
W1843,34,7,352,6,0,1
W1844,30,4,185,4,0,1
W1845,14,1,304,8,0,1
W1846,14,56,23,0,1,0
W1847,10,30,22,2,1,0
W1848,23,2,396,5,0,1
W1849,13,25,56,1,1,0
W1850,17,1,171,5,0,1
W1851,13,55,34,1,1,0
W1852,9,44,27,1,1,0
W1853,43,6,167,4,0,1
W1854,26,5,130,4,0,1
W1855,39,7,291,5,0,1
W1856,3,42,57,0,1,0
W1857,29,10,236,9,0,1
W1858,17,4,367,8,0,1
W1859,5,54,30,0,1,0
W1860,11,15,59,2,1,0
W1861,10,10,30,0,1,0
W1862,12,4,245,6,0,1
W1863,7,60,24,0,1,0
W1864,3,54,54,1,1,0
W1865,12,40,22,0,1,0
W1866,11,5,54,1,1,0
W1867,1,10,38,1,1,0
W1868,10,2,383,6,0,1
W1869,10,37,37,2,1,0
W1870,13,39,28,2,1,0
W1871,42,3,317,3,0,1
W1872,22,10,261,7,0,1
W1873,10,48,53,1,1,0
W1874,26,6,254,9,0,1
W1875,42,8,319,4,0,1
W1876,14,5,26,1,1,0
W1877,1,60,52,1,1,0
W1878,11,4,261,9,0,1
W1879,13,59,40,0,1,0
W1880,46,5,355,6,0,1
W1881,3,39,23,2,1,0
W1882,13,19,59,2,1,0
W1883,11,11,22,2,1,0
W1884,3,23,58,2,1,0
W1885,43,10,316,7,0,1
W1886,30,6,331,9,0,1
W1887,5,11,46,0,1,0
W1888,5,37,30,1,1,0
W1889,20,5,350,3,0,1
W1890,15,47,35,0,1,0
W1891,11,13,22,0,1,0
W1892,12,43,39,0,1,0
W1893,2,44,35,2,1,0
W1894,4,30,23,1,1,0
W1895,24,8,358,9,0,1
W1896,4,57,30,2,1,0
W1897,9,50,36,2,1,0
W1898,12,41,34,0,1,0
W1899,4,8,27,1,1,0
W1900,34,10,308,7,0,1
W1901,39,1,237,8,0,1
W1902,40,6,275,9,0,1
W1903,49,9,210,7,0,1
W1904,8,42,29,0,1,0
W1905,22,10,145,3,0,1
W1906,8,34,44,2,1,0
W1907,4,11,56,2,1,0
W1908,15,6,171,6,0,1
W1909,23,10,134,10,0,1
W1910,23,3,395,8,0,1
W1911,31,10,194,9,0,1
W1912,10,7,267,9,0,1
W1913,6,6,56,0,1,0
W1914,4,18,26,0,1,0
W1915,15,15,43,1,1,0
W1916,49,4,233,6,0,1
W1917,4,59,39,0,1,0
W1918,44,6,223,6,0,1
W1919,10,15,54,2,1,0
W1920,11,14,44,0,1,0
W1921,12,8,134,5,0,1
W1922,8,5,20,1,1,0
W1923,39,5,145,5,0,1
W1924,7,7,41,2,1,0
W1925,2,48,45,1,1,0
W1926,4,60,40,2,1,0
W1927,6,30,57,2,1,0
W1928,18,8,146,8,0,1
W1929,21,10,222,10,0,1
W1930,48,5,283,10,0,1
W1931,33,5,206,3,0,1
W1932,1,16,21,1,1,0
W1933,10,12,57,1,1,0
W1934,31,10,146,6,0,1
W1935,2,38,30,1,1,0
W1936,14,35,27,0,1,0
W1937,15,57,49,1,1,0
W1938,5,31,40,0,1,0
W1939,4,44,57,0,1,0
W1940,1,54,29,0,1,0
W1941,50,5,189,8,0,1
W1942,42,8,365,5,0,1
W1943,12,1,330,7,0,1
W1944,34,9,263,6,0,1
W1945,13,48,43,2,1,0
W1946,6,59,52,2,1,0
W1947,16,8,251,4,0,1
W1948,17,3,140,5,0,1
W1949,13,10,203,3,0,1
W1950,25,5,228,7,0,1
W1951,5,20,42,1,1,0
W1952,3,21,41,1,1,0
W1953,6,56,27,1,1,0
W1954,4,13,23,1,1,0
W1955,35,6,307,6,0,1
W1956,10,22,38,0,1,0
W1957,29,2,261,8,0,1
W1958,15,7,232,7,0,1
W1959,42,8,129,6,0,1
W1960,15,4,340,6,0,1
W1961,4,30,24,2,1,0
W1962,10,7,153,10,0,1
W1963,6,48,59,2,1,0
W1964,21,4,262,7,0,1
W1965,38,7,290,4,0,1
W1966,1,58,58,1,1,0
W1967,4,56,20,1,1,0
W1968,2,33,42,2,1,0
W1969,13,4,274,5,0,1
W1970,3,14,36,2,1,0
W1971,10,22,24,2,1,0
W1972,38,10,120,9,0,1
W1973,48,2,340,5,0,1
W1974,11,54,58,2,1,0
W1975,40,7,211,7,0,1
W1976,1,44,52,0,1,0
W1977,13,40,49,0,1,0
W1978,12,57,51,1,1,0
W1979,26,10,369,7,0,1
W1980,6,54,41,0,1,0
W1981,2,31,59,2,1,0
W1982,15,18,28,1,1,0
W1983,35,7,167,6,0,1
W1984,46,10,161,7,0,1
W1985,49,1,323,4,0,1
W1986,30,9,264,6,0,1
W1987,6,51,29,1,1,0
W1988,45,9,257,6,0,1
W1989,15,46,47,1,1,0
W1990,33,10,334,8,0,1
W1991,42,9,336,7,0,1
W1992,5,60,47,2,1,0
W1993,25,5,224,8,0,1
W1994,10,8,21,2,1,0
W1995,14,13,58,2,1,0
W1996,43,5,358,7,0,1
W1997,44,4,165,5,0,1
W1998,1,28,56,1,1,0
W1999,14,40,21,1,1,0
